{
  "type": "generic",
  "pools": [
    {
      "rolls": 1,
      "entries": [
        {
            "type": "minecraft:tag",
            "name": "game:all",
            "expand": true,
            "weight": 1
        },
        {
            "type": "minecraft:loot_table",
            "name": "game:randomhead",
            "weight": 50
        },
        {
            "type": "minecraft:loot_table",
            "name": "game:randompotion",
            "weight": 100
        },
        {
            "type": "minecraft:loot_table",
            "name": "game:luckyblock",
            "weight": 110
        }
        ],
        "functions": [
            {
                "function": "minecraft:enchant_with_levels",
                "levels": 10
            }
          ]
      }
  ]
}
