{
    "type": "generic",
    "pools": [
        {
            "rolls": 1,
            "entries": [
                {
                    "type": "minecraft:tag",
                    "name": "game:all",
                    "expand": true,
                    "weight": 1
                },
                {
                    "type": "minecraft:tag",
                    "name": "game:opitems",
                    "expand": true,
                    "weight": 20
                },
                {
                    "type": "minecraft:loot_table",
                    "name": "game:randomhead",
                    "weight": 25
                },
                {
                    "type": "minecraft:loot_table",
                    "name": "game:randomoppotion",
                    "weight": 150
                },
                {
                    "type": "minecraft:loot_table",
                    "name": "game:luckyblock",
                    "weight": 160
                }
            ],
            "functions": [
                {
                    "function": "minecraft:set_count",
                    "count": {
                      "min": 1,
                      "max": 2
                    }
                },
                {
                    "function": "minecraft:enchant_with_levels",
                    "levels": 70
                }
            ]
        }
    ]
}
