{
  "pools": [
    {
      "rolls": 1,
      "entries": [
        {
          "type": "item",
          "name": "minecraft:wooden_sword",
          "weight": 1
        }
      ]
    },
    {
      "rolls": 1,
      "entries": [
        {
          "type": "item",
          "name": "minecraft:wooden_pickaxe",
          "weight": 1
        }
      ]
    },
    {
      "rolls": 1,
      "entries": [
        {
          "type": "item",
          "name": "minecraft:wooden_shovel",
          "weight": 1
        }
      ]
    },
    {
      "rolls": 1,
      "entries": [
        {
          "type": "item",
          "name": "minecraft:wooden_axe",
          "weight": 1
        }
      ]
    },
    {
      "rolls": 1,
      "entries": [
        {
          "type": "item",
          "name": "minecraft:wooden_hoe",
          "weight": 1
        }
      ]
    },
    {
      "rolls": 1,
      "entries": [
        {
          "type": "item",
          "name": "minecraft:cooked_porkchop",
          "weight": 1,
          "functions": [
            {
              "function": "set_count",
              "count": {
                "min": 8,
                "max": 16
              }
            }
          ]
        }
      ]
    },
    {
        "rolls": 1,
        "entries": [
          {
            "type": "item",
            "name": "minecraft:stone",
            "weight": 1,
            "functions": [
              {
                "function": "set_count",
                "count": {
                  "min": 8,
                  "max": 16
                }
              }
            ]
          }
        ]
    },
    {
        "rolls": 1,
        "entries": [
            {
                "type": "minecraft:item",
                "name": "minecraft:bee_spawn_egg",
                "functions": [
                {
                    "function": "minecraft:set_nbt",
                    "tag": "{display:{Name:'[{\"text\":\"--\",\"color\":\"gold\",\"bold\":true,\"obfuscated\":true},{\"text\":\" Lucky Block \",\"color\":\"gold\",\"bold\":true,\"obfuscated\":false},{\"text\":\"--\",\"bold\":true,\"obfuscated\":true}]',Lore:['{\"text\":\"Niemand weiss, was drin ist...\"}','{\"text\":\"Na komm schon, du willst es wissen!\"}']},EntityTag:{id:\"minecraft:armor_stand\",NoGravity:1b,Glowing:0b,Invisible:1b,PersistenceRequired:1b,Marker:1b,Tags:[\"LuckyBlock\"]}}"
                },
                {
                  "function": "set_count",
                  "count": 5
                }
            ]
            }
        ]
    }
  ]
}
